Name,Phone,Date,Address
Kareem,(227) 925-5894,"Sep 6, 2018","550-7753 Tincidunt, St."
Hoyt,(366) 450-7631,"May 14, 2020",Ap #707-9942 Eleifend Rd.
Cooper,(931) 458-7349,"Nov 12, 2019",9232 Fringilla Av.
Armando,(101) 780-8180,"Aug 18, 2019",Ap #328-8846 Lorem Road
Linus,(857) 419-8412,"Dec 20, 2019","P.O. Box 448, 7925 Dui Avenue"
Mohammad,(487) 458-0275,"Oct 27, 2018",456-527 Mauris. Rd.
Merrill,(122) 264-0564,"Feb 14, 2019",6789 Aliquet St.
Dillon,(139) 120-9544,"Jun 30, 2018",743-5906 Justo Av.
Orson,(938) 970-4150,"Dec 11, 2018",8359 Nec Rd.
Ralph,(498) 455-8618,"Jan 4, 2020",Ap #294-7154 Elit. Road
Phillip,(823) 287-2359,"Jun 9, 2019",7159 Sed Avenue
Nigel,(593) 199-4959,"Nov 28, 2019",1945 In Ave
Abraham,(640) 870-2499,"Aug 5, 2018","P.O. Box 288, 6009 Scelerisque St."
Acton,(279) 939-5363,"Sep 2, 2019",624 Lobortis Street
Brady,(469) 247-9560,"Sep 7, 2019",499-6203 Ultricies Av.
Steven,(160) 621-9485,"Oct 28, 2019",771-7498 Nunc Rd.
Stewart,(772) 916-8374,"Sep 5, 2019","P.O. Box 685, 456 Sagittis. Av."
Otto,(690) 610-0071,"Dec 21, 2019","P.O. Box 635, 826 Rutrum Ave"
Nash,(747) 324-1673,"Oct 21, 2018",Ap #885-4571 Gravida. Road
Conan,(437) 890-0811,"Mar 6, 2019",4634 Semper Rd.
Adam,(756) 160-6333,"Feb 18, 2020","Ap #765-7328 Pede, Rd."
Wang,(142) 994-1186,"Aug 23, 2019",699-674 Amet Road
Gareth,(312) 712-4543,"Mar 14, 2020","P.O. Box 334, 8505 Aliquet Road"
Vance,(808) 275-3514,"Jul 10, 2019","8747 Consequat, Street"
Tanek,(918) 773-3474,"Jan 10, 2019","P.O. Box 554, 5186 Convallis Rd."
Warren,(441) 907-4573,"Jan 15, 2020","P.O. Box 936, 5936 Risus. Rd."
Jonah,(703) 180-7900,"Dec 8, 2018",6588 A Road
Francis,(110) 712-6159,"Oct 12, 2019",Ap #913-5923 Nulla St.
Kennan,(723) 346-4972,"Sep 21, 2018",124 Senectus St.
Phelan,(845) 262-8365,"Jul 21, 2019",8406 Nec Avenue
Aaron,(397) 169-8906,"Jul 27, 2019",992-1382 Tristique Rd.
Colin,(633) 778-2098,"Nov 6, 2018","P.O. Box 844, 5736 Elit St."
Chandler,(883) 809-1553,"Aug 9, 2019",Ap #185-3291 Donec Avenue
Porter,(793) 745-1858,"Nov 4, 2018","P.O. Box 301, 4817 Sit Rd."
Dominic,(187) 488-6657,"Feb 6, 2020",Ap #941-7945 Vitae Street
Ferris,(159) 843-9790,"Jul 15, 2019","P.O. Box 649, 5888 Ut St."
Harding,(499) 844-9219,"Jul 16, 2018",Ap #865-3448 Augue Rd.
Rashad,(653) 996-6467,"Apr 12, 2019",381-5709 Tellus Street
Addison,(402) 752-4224,"Nov 25, 2019",6361 Auctor Avenue
Caleb,(586) 517-4867,"Nov 4, 2019","P.O. Box 543, 7204 Arcu Road"
Solomon,(353) 140-0475,"Jun 15, 2019",889-4346 Sit Ave
Basil,(660) 376-7634,"Nov 19, 2018",Ap #548-8670 Iaculis St.
Dalton,(773) 393-0886,"Oct 22, 2019","P.O. Box 689, 1363 Nulla Rd."
Jonah,(620) 524-6035,"Jan 28, 2020",Ap #545-9976 Rhoncus. Ave
Joseph,(192) 680-1855,"Aug 12, 2019",3662 Auctor Rd.
Connor,(472) 598-3887,"Jan 31, 2020",Ap #950-5218 Arcu. Av.
Akeem,(964) 712-8405,"May 14, 2019","P.O. Box 838, 2613 Ultrices Street"
Arthur,(138) 622-8550,"Dec 29, 2019",694-2248 Urna. Ave
Slade,(305) 945-6524,"Nov 10, 2018",Ap #888-874 A Rd.
Joel,(287) 350-1187,"Jan 12, 2019","P.O. Box 850, 9991 Praesent Road"
Kibo,(747) 907-5529,"Dec 29, 2019",Ap #773-3101 Convallis Street
Blaze,(298) 785-6132,"Jun 20, 2020",612-1530 Ipsum. St.
Robert,(134) 124-3126,"Feb 4, 2019","9313 A, St."
Giacomo,(970) 201-3821,"May 16, 2019",Ap #269-6745 Ridiculus Avenue
Ralph,(379) 878-8793,"Jun 28, 2019",Ap #201-1770 Dictum. Street
Jonah,(533) 983-6447,"Jun 23, 2018","P.O. Box 254, 7667 Donec Av."
Erich,(825) 314-7551,"Apr 12, 2019",107-4441 Commodo Ave
Quentin,(340) 237-8903,"Jan 17, 2019","8884 Non, Av."
Yasir,(972) 981-2093,"Aug 6, 2019",Ap #770-1983 Malesuada St.
Jarrod,(444) 258-1355,"Aug 16, 2019","P.O. Box 809, 5183 Donec Ave"
Ian,(911) 889-7391,"May 13, 2020",Ap #952-7287 Non St.
Ishmael,(859) 408-4909,"Jan 25, 2020",578-4017 Lectus Ave
Jakeem,(594) 230-8699,"Mar 24, 2020",270-4383 Eros Avenue
Zane,(532) 763-9966,"Jul 27, 2019","P.O. Box 927, 4949 Eu Av."
Harlan,(996) 165-1190,"May 21, 2020",9216 Vitae St.
Randall,(571) 596-5783,"Jun 4, 2019","P.O. Box 420, 6808 Habitant Street"
Andrew,(378) 899-2140,"Jan 4, 2019",646-2016 Lobortis Rd.
Todd,(316) 404-3626,"Oct 1, 2018","P.O. Box 964, 244 Ornare. Rd."
Gannon,(639) 284-0825,"May 16, 2020",220-9008 Lacus St.
Hashim,(585) 971-9169,"Oct 4, 2019",Ap #182-7264 Eget St.
Hilel,(646) 784-4043,"Mar 27, 2020",6677 Libero Ave
Edward,(989) 567-0465,"Mar 28, 2019",578-5247 Eleifend Ave
Michael,(497) 852-0373,"May 22, 2020",717-1707 Risus. Road
Brian,(973) 531-5413,"Jul 29, 2018","6008 At, Ave"
Travis,(581) 389-9408,"Aug 27, 2019",Ap #972-1032 Lectus Rd.
Elmo,(776) 122-5628,"Mar 3, 2020",637-9837 Et St.
Adam,(426) 565-2429,"Mar 16, 2019",8085 Duis St.
Scott,(789) 713-3260,"Jun 26, 2019",3119 Orci Road
Chester,(372) 167-4364,"Mar 31, 2019","P.O. Box 909, 4286 Porttitor Street"
Malik,(976) 631-5503,"Dec 11, 2018",492-7941 Diam Ave
Ryan,(346) 966-9383,"Sep 3, 2019",201-2605 Vel Rd.
Chester,(649) 200-5075,"Jul 22, 2019",Ap #540-5792 Sed St.
Warren,(316) 349-4397,"Dec 22, 2019",Ap #650-8020 Purus Rd.
Kamal,(453) 720-3635,"Jan 15, 2020",8739 Magna. Rd.
Uriel,(389) 909-5059,"Aug 7, 2019","P.O. Box 773, 7971 Inceptos Road"
Stone,(686) 824-9885,"Feb 13, 2020","P.O. Box 628, 4330 Dapibus Road"
Xanthus,(979) 974-5708,"Oct 6, 2018","P.O. Box 323, 4842 Suspendisse St."
Brian,(387) 881-5956,"Aug 18, 2018","P.O. Box 772, 1932 Vestibulum Rd."
Neil,(554) 558-7495,"Jul 1, 2019",428-745 Sollicitudin Ave
Salvador,(848) 583-2766,"Aug 28, 2019",Ap #575-2354 Libero. Avenue
Reese,(152) 150-7192,"Nov 28, 2019",490 Tortor. St.
Roth,(107) 834-7147,"Feb 10, 2020",Ap #449-4706 Integer Rd.
Quentin,(792) 106-7642,"Dec 5, 2019","P.O. Box 521, 5056 At Street"
Raymond,(377) 111-1806,"Jan 17, 2020",3819 Lorem Rd.
Leonard,(160) 519-2609,"May 20, 2019","4789 Non, Ave"
Joel,(608) 429-9017,"Apr 17, 2020",864-8046 Id Avenue
Shad,(737) 469-3308,"Mar 28, 2020","780-8778 Suscipit, St."
Benedict,(986) 460-8062,"Aug 29, 2019",Ap #953-2443 Facilisis St.
Geoffrey,(644) 666-0353,"Nov 5, 2018",Ap #915-871 Auctor. Av.
Macaulay,(179) 150-4733,"Jun 7, 2020",660-569 Tempor Rd.
